{
  "streams": [
    {
      "password": "p@ssword",
      "email": "test@test.com",
      "userId": "108886540606931256604",
      "id": 1
    },
    {
      "password": "p@ssword",
      "email": "test@test.com",
      "userId": "108886540606931256604",
      "id": 2
    },
    {
      "password": "p@ssword",
      "email": "test@test.com",
      "userId": "108886540606931256604",
      "id": 3
    },
    {
      "password": "p@ssword",
      "email": "test@test.com",
      "userId": "108886540606931256604",
      "id": 4
    },
    {
      "password": "p@ssword",
      "email": "test@test.com",
      "userId": "108886540606931256604",
      "id": 5
    },
    {
      "password": "p@ssword",
      "email": "test@test.com",
      "userId": "108886540606931256604",
      "id": 6
    },
    {
      "password": "p@ssword",
      "email": "test@test.com",
      "userId": "108886540606931256604",
      "id": 7
    },
    {
      "password": "p@ssword",
      "email": "test@test.com",
      "userId": "108886540606931256604",
      "id": 8
    },
    {
      "password": "p@ssword",
      "email": "test@test.com",
      "userId": "108886540606931256604",
      "id": 9
    }
  ],
  "rooms": [
    {
      "id": "f4343433",
      "noofusers": 5,
      "isfull": false,
      "isplaying": false,
      "isfinished": false,
      "isaborted": false,
      "members": [
        "343f343f"
      ]
    }
  ],
  "connectedusers": [
    {
      "id": "343f343f",
      "email": "ddfasd@gmail.com",
      "password": "bestPassw0rd",
      "gmail": "asf4@gmail.com",
      "userpropsinsession": {
        "currentsession": "4r34f4334",
        "browsers": "Chrome",
        "sessionincome": 12,
        "contries": "UK",
        "usercurrentip": "1.1.1.1",
        "usercurrentshape": 1,
        "loginlog": "2021-4-2 13:34",
        "logoutlog": "2021-4-2 13:34",
        "usagetimeinsession": 143,
        "actions": [
          {
            "actionid": "4r8f8e88e8",
            "actionphysicaltype": "click",
            "actionpayload": {
              "actiontimeset": 143,
              "actionsubject": "838f8uf843f43",
              "actionsubjecttype": "user",
              "actiontype": "askshape",
              "askeduser": "asaasddsaf",
              "position": [
                134,
                123
              ]
            }
          }
        ]
      }
    }
  ],
  "sessionsdone": [
    {
      "id": "d88e88ef3",
      "usersplayedinsession": [
        "343f343f"
      ],
      "finalnoofusersinsession": 9,
      "totalsessiontime": 132
    }
  ],
  "activesessions": [
    {
      "id": "38e8feu3ueyh",
      "usersplayinginsession": [
        "343f343f"
      ],
      "noofusersinsession": 1,
      "sessiontimerlive": 132
    }
  ],
  "users": [
    {
      "id": "343f343f",
      "email": "ddfasd@gmail.com",
      "password": "bestPassw0rd",
      "gmail": "asf4@gmail.com",
      "totalincome": 26,
      "totalcompletedsessions": 1,
      "sessions": [
        {
          "sessionid": "4r34f4334",
          "sessiontype": "shapesgame",
          "sessionpayload": {
            "browsers": "Chrome",
            "sessionincome": 12,
            "contries": "UK",
            "ips": "1.1.1.1",
            "shapes": 1,
            "loginlog": "2021-4-2 13:34",
            "logoutlog": "2021-4-2 13:34",
            "usagetimelog": 143,
            "actions": [
              {
                "actionid": "4r8f8e88e8",
                "actionphysicaltype": "click",
                "actionpayload": {
                  "actiontimeset": 143,
                  "actionsubject": "838f8uf843f43",
                  "actionsubjecttype": "user",
                  "actiontype": "askshape",
                  "askeduser": "asaasddsaf",
                  "position": [
                    134,
                    123
                  ]
                }
              }
            ]
          }
        }
      ]
    },
    {
      "email": "test@test.com",
      "password": "$2a$10$kA5..Qwhpl9/KggcNKMwf.VrD.VgMoU1mrKxiukygz4.ZuSltcQ.2",
      "title": "asdfsadf",
      "description": "asdfsadf",
      "sirname": "sdsadfsadfsdf",
      "userId": "108886540606931256604",
      "id": "uhTtl3C"
    }
  ]
}